{
    "type": "SolarGenerator",
    "health": 360,
    "size": 4,
    "hasPower": true,
    "hasLiquids": false,
    "hasItems": false,
    "powerProduction": 6,
    "requirements": [
        {
            "item": "cryogel",
            "amount": 150
        },
        {
            "item": "metaglass",
            "amount": 80
        },
        {
            "item": "silicon",
            "amount": 80
        },
        {
            "item": "phase-fabric",
            "amount": 50
        }
    ],
    "category": "power",
    "research": "solar-panel-large"
}
