{
    "type": "flying",
    "health": 9500,
    "armor": 3,
    "hitSize": 8,
    "speed": 1.9,
    "accel": 0.3,
    "flying": true,
    "rotateSpeed": 1.7,
    "rotateShooting": true,
    "lowAltitude": true,
    "trailX": 15,
    "trailY": -6,
    "trailScl": 3,
    "trailLength": 45,
    "commandLimit": 6,
    "weapons": [
        {
            "name": "blueART2",
            "rotate": false,
            "mirror": false,
            "alternate": true,
            "x": 0,
            "y": 3,
            "shootCone": 5,
            "reload": 18,
            "shots": 1,
            "inaccuracy": 5,
            "shootSound": "respawn",
            "velocityRnd": 0.4,
            "recoil": 1,
            "bullet": {
                "type": "ShrapnelBulletType",
                "collidesAir": true,
                "damage": 240,
                "splashDamage": 40,
                "splashDamageRadius": 48,
                "knockback": 2,
                "length": 280,
                "width": 30,
                "fromColor": "8bf491",
                "toColor": "69c48e",
                "statusDuration": 120,
                "status": "melting",
                "hitEffect": "generatespark",
                "shootEffect": "sparkShoot",
                "hitShake": 4,
                "smokeEffect": "steam"
             }
        }
    ],
    "research": {
        "parent": "bryde",
        "requirements": [
            {
                "item": "graphite",
                "amount": 2000
            },
            {
                "item": "silicon",
                "amount": 1000
            },
            {
                "item": "metaglass",
                "amount": 1000
            },
            {
                "item": "titanium",
                "amount": 4000
            },
            {
                "item": "thorium",
                "amount": 1000
            }
        ]
    },
    "abilities": [
        {
            "type": "mindustry.entities.abilities.StatusFieldAbility",
            "range" : 36,
            "reload" : 180,
            "duration" : 50,
            "effect": {
                "name": "overclock",
                "speedMultiplier": 1.3,
                "damageMultiplier": 1.4,
                "reloadMultiplier": 1.2,
                "effect": "overdriven"
            }
        }
    ]
}
