{
    "type": "GenericSmelter",
    "health": 820,
    "size": 3,
    "hasPower": true,
    "hasLiquids": false,
    "hasItems": true,
    "craftTime": 120,
    "itemCapacity": 60,
    "updateEffect": "shieldBreak",
    "craftEffect": "plasticExplosion",
    "outputItem": {
        "item": "titanium-carbide",
        "amount": 1
    },
    "consumes": {
        "power": 3,
        "items": {
            "items": [
                {
                    "item": "phase-fabric",
                    "amount": 33
                },
                {
                    "item": "cryogel",
                    "amount": 25
                }
            ]
        }
    },
    "requirements": [
        {
            "item": "titanium",
            "amount": 150
        },
        {
            "item": "thorium",
            "amount": 100
        },
        {
            "item": "metaglass",
            "amount": 100
        },
        {
            "item": "silicon",
            "amount": 110
        },
        {
            "item": "graphite",
            "amount": 100
        }
    ],
    "category": "crafting",
    "research": "alloy-smelter"
}
