{
    "health": 640,
    "size": 3,
    "hasPower": true,
    "hasLiquids": true,
    "hasItems": true,
    "craftTime": 120,
    "itemCapacity": 10,
    "liquidCapacity": 20,
    "updateEffect": "oily",
    "craftEffect": "freezing",
    "outputItem": {
        "item": "cryogel",
        "amount": 1
    },
    "consumes": {
        "power": 0.5,
        "items": {
            "items": [
                {
                    "item": "pyratite",
                    "amount": 10
                }
            ]
        },
        "liquid": {
            "liquid": "oil",
            "amount": 0.2
        }
    },
    "requirements": [
        {
            "item": "thorium",
            "amount": 20
        },
        {
            "item": "lead",
            "amount": 30
        },
        {
            "item": "graphite",
            "amount": 25
        }
    ],
    "category": "crafting",
    "research": "blast-mixer"
}
