{
    "type": "Reconstructor",
    "health": 1900,
    "size": 7,
    "constructTime": 2100,
    "upgrades": [
        ["antumbra","eclipse"],
        ["Furia","Frusia"],
        ["Seldinia","Frusia"]
    ],
    "consumes": {
        "power": 7,
        "items": {
            "items": [
                {
                    "item": "cryogel",
                    "amount": 1500
                },
                {
                    "item": "phase-fabric",
                    "amount": 350
                },
                {
                    "item": "surge-alloy",
                    "amount": 500
                },
                {
                    "item": "plastanium",
                    "amount": 550
                }
            ]
        },
        "liquid": {
            "liquid": "slag",
            "amount": 1
        }
    },
    "requirements": [
        {
            "item": "lead",
            "amount": 1500
        },
        {
            "item": "titanium",
            "amount": 2500
        },
        {
            "item": "thorium",
            "amount": 650
        },
        {
            "item": "plastanium",
            "amount": 450
        },
        {
            "item": "cryogel",
            "amount": 800
        }
    ],
    "category": "units",
    "research": "multiplicative-petroleum-reconstructor"
}
