{
    "type": "Reconstructor",
    "health": 950,
    "size": 5,
    "constructTime": 1620,
    "upgrades": [
        ["zenith","antumbra"],
        ["bryde","Furia"],
        ["oct","Furia"]
    ],
    "consumes": {
        "power": 4,
        "items": {
            "items": [
                {
                    "item": "cryogel",
                    "amount": 900
                },
                {
                    "item": "titanium",
                    "amount": 70
                },
                {
                    "item": "plastanium",
                    "amount": 640
                }
            ]
        },
        "liquid": {
            "liquid": "slag",
            "amount": 0.5
        }
    },
    "requirements": [
        {
            "item": "lead",
            "amount": 500
        },
        {
            "item": "titanium",
            "amount": 500
        },
        {
            "item": "thorium",
            "amount": 550
        },
        {
            "item": "plastanium",
            "amount": 450
        }
    ],
    "category": "units",
    "research": "additive-reconstructor"
}
