{
    "type": "Reconstructor",
    "health": 18000,
    "size": 9,
    "constructTime": 3600,
    "upgrades": [
        ["Frusia","Seldinia"]
    ],
    "consumes": {
        "power": 9,
        "items": {
            "items": [
                {
                    "item": "cryogel",
                    "amount": 2600
                },
                {
                    "item": "surge-alloy",
                    "amount": 1400
                },
                {
                    "item": "phase-fabric",
                    "amount": 1700
                },
                {
                    "item": "plastanium",
                    "amount": 1600
                },
                {
                    "item": "titanium-carbide",
                    "amount": 500
                }
            ]
        },
        "liquid": {
            "liquid": "slag",
            "amount": 1
        }
    },
    "requirements": [
        {
            "item": "cryogel",
            "amount": 4000
        },
        {
            "item": "thorium",
            "amount": 3000
        },
        {
            "item": "surge-alloy",
            "amount": 1500
        },
        {
            "item": "metaglass",
            "amount": 1500
        },
        {
            "item": "plastanium",
            "amount": 600
        },
        {
            "item": "titanium-carbide",
            "amount": 1200
        }
    ],
    "category": "units",
    "research": "exponential-petroleum-reconstructor"
}
